<?xml version="1.0" encoding="UTF-8"?>
<project-private xmlns="http://www.netbeans.org/ns/project-private/1">
    <editor-bookmarks xmlns="http://www.netbeans.org/ns/editor-bookmarks/2" lastBookmarkId="0"/>
    <open-files xmlns="http://www.netbeans.org/ns/projectui-open-files/2">
        <group>
            <file>file:/C:/Users/Lenovo/Documents/NetBeansProjects/FinalProject/src/view/buku/tambah.java</file>
            <file>file:/C:/Users/Lenovo/Documents/NetBeansProjects/FinalProject/src/model/buku.java</file>
            <file>file:/C:/Users/Lenovo/Documents/NetBeansProjects/FinalProject/src/finalproject/FinalProject.java</file>
            <file>file:/C:/Users/Lenovo/Documents/NetBeansProjects/FinalProject/src/entity/entity.java</file>
            <file>file:/C:/Users/Lenovo/Documents/NetBeansProjects/FinalProject/src/view/login.java</file>
            <file>file:/C:/Users/Lenovo/Documents/NetBeansProjects/FinalProject/src/view/admin/dash.java</file>
            <file>file:/C:/Users/Lenovo/Documents/NetBeansProjects/FinalProject/src/view/buku/edit.java</file>
            <file>file:/C:/Users/Lenovo/Documents/NetBeansProjects/FinalProject/src/view/cetakbukuterdaftar.java</file>
            <file>file:/C:/Users/Lenovo/Documents/NetBeansProjects/FinalProject/src/entity/bukuentity.java</file>
            <file>file:/C:/Users/Lenovo/Documents/NetBeansProjects/FinalProject/src/view/cetakdata.java</file>
            <file>file:/C:/Users/Lenovo/Documents/NetBeansProjects/FinalProject/src/view/admin/dashboard.java</file>
        </group>
    </open-files>
</project-private>
